Name,Address,Description,Website,Logo
A Renaissance School of Arts & Sciences,,,https://renpdx.org/,/img/600x260-Renissance-School-of-Arts.jpg
Arbor School of Arts and Sciences,"4201 SW Borland Rd, Tualatin, OR 97062",,https://www.arborschool.org/,/img/600x260-arbor-school-arts-sciences.jpg
Bridges Middle School,,,https://www.bridgesms.org/,/img/260x600-Bridges-Middle-School.png
Catlin Gabel School,,,https://www.catlin.edu,/img/600x260-Catlin-Gabel.jpg
Cedarwood Waldorf School,,,https://www.cedarwoodschool.org/,/img/600x260-cedarwood-waldorf-school.jpg
Childpeace Montessori School,,,https://www.childpeace.org/,/img/600x260-childpeace.jpg
CLASS Academy,,,https://www.classacademy.com/,/img/260x600-CLASS-05.png
Delphian School,,,https://www.delphian.org/,/img/260x600-Delphian.png
Edison High School,,,https://edisonhs.org/,/img/260x600-edison-03.png
Franciscan Montessori Earth School,,,https://fmes.org/,/img/600x260-franciscan-montessori-earth-school.jpg
French International School of Oregon,,,https://www.fisoregon.org/,/img/600x260-French-International-School.jpg
German International School,,,https://www.gspdx.org/,/img/600x260-german-internation-school.jpg
Goodtime Chinese School,,,https://goodtimechineseschool.org/home,/img/600x260-GoodTime.png
International Leadership Academy,,,https://www.ilapdx.org/,/img/260x600-ILA-04.png
International School of Portland,,,https://intlschool.org/,/img/600x260-International-school-Portland.jpg
L'Etoile French Immersion School,,,https://letoilefrenchschool.com/,/img/600x260-letoile-french-immersion.png
Northwest Academy,,,https://www.nwacademy.org/,/img/600x260-NW-Academy.jpg
Oregon Episcopal School,,,https://www.oes.edu/,/img/600x260-OES.jpg
Osoberry School,,,https://osoberry.school/,/img/260x600-osoberry-school.png
Pacific Crest Community School,,,https://www.pcrest.org/,/img/600x260-Pacific-Crest-Community-School.jpg
Portland Forest School Pacific Northwest,,,https://portlandforestschool.com/,/img/260x600-portland-forest-02.png
Portland Jewish Academy,,,https://www.pjaproud.org/,/img/600x260-Portland-Jewish-Academy.jpg
Portland Waldorf School,,,https://www.portlandwaldorf.org/,/img/260x600-portland-waldorf-school-1.png
Puddletown School,,,https://puddletownschool.com/,/img/600x260-Puddletown-School.jpg
St. Clare School,,,https://www.stclarepdx.org/,/img/260x600-st-clare-06.png
St. Mary's Academy,,,https://www.stmaryspdx.org/,/img/600x260-StMarys.jpg
St. Matthew Catholic School,,,https://www.stmatthewschoolhillsboro.org/,/img/260x600-st-matthew-07.png
Sunstone Montessori School,,,https://sunstonemontessori.org/,/img/600x260-Sunstone.png
The Marylhurst School,,,https://www.themarylhurstschool.org/,/img/260x600-marylhurst-2024.png
Tucker Maxon School,,,https://www.tuckermaxon.org/,/img/600x260-Tucker-Maxon.png
West Hills Montessori School,,,https://westhills-montessori.com/,/img/600x260-West-Hills-Montessori.png